tag_id,tag_content,word1,word2
10000,위원회,,
10001,시무,,
10002,정권,문재인 정권,
10003,렉,랙,렉데이
10004,스턴,스턴 뜻,sturn
10005,스포츠,네이버 스포츠 생중계,네이버스포츠
10006,지지율,국정지지율,대통령 지지율
10007,대통령,문재인 대통령,문대통령
10008,북한,대한민국,한국
10009,의혹,혐의,조국 의혹
10010,청와대,청와대 위치,청와대 주소
10011,원내대표,나경원,황교안
10012,장관,장관 임명,법무장관
10013,강,성 강 한자,성강
10014,외교부,외교부 해외안전여행,외교부 여권과
10015,기탁,기탁하다,
10016,성금,모금,성씨 금
10017,기부,화재기부,김은숙작가
10018,행정학,행정법,행정학 공부법
10019,시정,시정조치,시정장치
10020,수원시,수원시 인구,수원
10021,답방,,
10022,북미,북미협상,북미실무협상
10023,친서,,
10024,대변인,청와대 대변인,고민정
10025,며,,
10026,통영,통영 가볼만한곳,통영 루지
10027,통영시,통영시 인구,통영
10028,고성,경남 고성,강원도 고성
10029,비행,비행기,비행 이센스
10030,공군,공군 복무기간,공군 지원자격
10031,소령,소령 계급장,소령 월급
10032,사무관,5급 사무관,서기관
10033,기자회견,검찰 기자회견,조국 기자회견 기자
10034,사건,사고,사건사고
10035,지사,도지사,본사
10036,복지,복지란,복 지 한자
10037,경제,한국경제,한국 경제 위기
10038,특감반,,
10039,국회,2019 국정감사 일정,국회의사중계시스템
10040,의장,자동차 의장,의장모듈
10041,심기,심기불편,
10042,개혁,조국 개혁,검찰개혁
10043,비례대표제,연동형 비례대표제,소선거구제
10044,연동,연계,제주 연동
10045,마리,제이블랙,제이블랙 & 마리
10046,라듐,라돈,폴로늄
10047,피에르,,
10048,보이즈,홈랜더,히어로 드라마
10049,예성,슈퍼주니어 예성,이신혜
10050,알,꿩알,알씨
10051,사랑니,사랑니 발치,사랑니 날때 통증
10052,발치,사랑니 발치 시간,사랑니 발치 잇몸
10053,치아,이빨,인플란트
10054,위원장,여상규,여상규 위원장
10055,의원,의원 병원 차이,병원
10056,원외,,
10057,핵무기,전술핵,핵폭탄
10058,태,클태,태풍
10059,외교,외교 뜻,외교부
10060,레오,강형욱 레오,경찰견 레오
10061,유시민,유시민 조국,조국
10062,방송,방송 영어로,
10063,북,장구,북쪽
10064,관계,,
10065,노무현재단,노무현시민센터,노무현재단 이사장
10066,농단,국정농단,국정
10067,협박,존속협박,협박죄
10068,국정,농단,
10069,국조,우리나라 국조,미국 국조
10070,특검,조국 특검,특검법
10071,촬영,사진촬영,
10072,아이폰,아이폰se2가격,아이폰신제품
10073,조명,홈카페,고급아파트
10074,헴,heme,gpa
10075,치즈,치즈 종류,달총
10076,허가,승인,인가
10077,이순자,전두환,김옥숙
10078,진상,진상 뜻,진상손님
10079,규명,진실규명,
10080,특수,특수교육,특별
10081,체육,체육이란,체육 영어로
10082,부,부모,아비부
10083,항공,제주항공,항공편
10084,카타르항공,카타르항공 승무원,카타르항공 후기
10085,중국,미국,인도
10086,박지원,여상규,금태섭
10087,리더십,리더십 유형,리더십 리더쉽
10088,변호사,한예슬변호사,서동주이혼
10089,사관,구해령,신세경 차은우
10090,변호,,
10091,민주주의,공산주의,사회주의
10092,서영교,서영교나이,중랑구 국회의원
10093,수석,수석가격,수석 뜻
10094,기업,기업은행,기업이란
10095,입찰,나라장터종합쇼핑몰시스템,공공조달
10096,가점,청약가점표,청약가점 확인
10097,무상급식,고교 무상급식,경기도 무상급식
10098,조례,지방조례,지자체 조례
10099,급식,학교급식,급식이
10100,위원,의원,위원 의원
10101,최고,최선,최고없이
10102,설,설날,추석
10103,전대,용인 전대,부동산 전대
10104,투표,네이버 투표,선거
10105,특별법,일반법,
10106,김대중,김영삼,노무현
10107,설훈,홍문표,홍문표 나이
10108,재판,재판 영어로,공판
10109,지방행정,,
10110,성남시,성남,성남시 인구
10111,연수,숨골,연수활동
10112,신재민,신재민 근황,신재민 사무관
10113,촛불,조국 촛불,서울대 촛불
10114,기재부,기재부장관,기획재정부
10115,보물,보물 노래,술래잡기 고무줄놀이
10116,회암사,양주 회암사,회암사 템플스테이
10117,존,존 맥,대한외국인 존 맥
10118,제재,재제,제제하다
10119,고려링크,,
10120,오라스콤,,
10121,모독,모욕,인격모독
10122,발언,,
10123,전씨,전득시,경산전씨
10124,여사,여사님,여사 반대말
10125,전두환,노태우,전두환 자살
10126,광명,동굴,광명동굴 시간
10127,광명시,광명,광명시 동굴
10128,원탁,원탁테이블,런탁
10129,문,문대통령,방문
10130,정책,정부정책,정부 보도자료
10131,경기도,경기도 지도,경기도 영어로
10132,진흥,진흥기업,진흥전기
10133,과학기술,과학,
10134,이재명,안희정,에이텍
10135,여수,여수 가볼만한곳,여수날씨
10136,공룡,공룡 종류,공룡박물관
10137,이순신,이순신 업적,이순신장군
10138,초단,고스톱 초단,화투 초단
10139,입단,,
10140,바둑,바둑뉴스,바둑게임
10141,속초시,속초시 인구,속초
10142,부지,목숨부지,부지하다
10143,유원지,유원지 뜻,장흥
10144,모닝,스파크,레이
10145,후방,후방주의,
10146,주차,서울시 주차,몇주차
10147,내각,개각,내각 뜻
10148,총리,국무총리 하는일,이낙연 총리
10149,공직자,korea 메일,공무원이메일
10150,포켄스,포켄스 카누들,덴티페어리
10151,반려동물,애완동물,반려동물 종류
10152,창립,설립,창설
10153,제보자,제보자들,황우석 영화
10154,정의,정의란 무엇인가,정의롭다
10155,간부,군인 간부,장난
10156,총살,,
10157,군,군부대,군기저귀
10158,논평,비평,칼럼니스트
10159,발레단,와이즈발레단,국립발레단
10160,안재용,,
10161,몬테카를로,남프랑스,모나코 여행
10162,외교관,외교관후보자,외교관 연봉
10163,재외동포,교포,f4비자 영주권
10164,현안,현안사항,현안문제
10165,참배,추모,신사참배
10166,건국,건국대학교\,konkuk
10167,용서,용서 명언,ebs 용서
10168,선출,선임,당선
10169,당,정당,정당 종류
10170,지도,네이버지도,우리나라 지도
10171,쿠나,쿠나 환율,크로아티아 atm
10172,마타,에포트,마타 나무위키
10173,상표권,상표권등록,특허등록검색
10174,조선신보,북미회담,
10175,조미,황제의딸,임심여
10176,성명,서명,성함
10177,시인,시집,유명한 시인
10178,시집,시집 추천,시집 베스트셀러
10179,돌탑,팔용산,합천 가볼만한곳
10180,일자리,정부예산,일자리안정자금건강보험료
10181,광주시,광주광역시,경기도 광주시
10182,광주,경기도 광주,전라도 광주
10183,의회,의회 영어로,국회
10184,참여연대,참여연대 조국,경실련
10185,이사장,학교 이사장,
10186,이민우,김민우,신화 이민우
10187,직원,4대보험 가입의무,직원 영어로
10188,다스,das,다스 매출
10189,공판,공판 뜻,공판검사
10190,항소심,이재명 항소심,이재먕
10191,예정자,,
10192,건축,건축박람회,건설
10193,점검,점검중,검토
10194,영하,영화,
10195,지청,,
10196,청주,청주 술,청주시
10197,정상회담,문대통령,북미회담
10198,콘서트홀,,
10199,예술의전당,예술의전당 한가람미술관,예술의전당 맛집
10200,피아니스트,영화 피아니스트,한국 피아니스트
10201,부산시,부산시 공무원,부산시 지도
10202,단배식,,
10203,민주당,더불어민주당,더블어민주당
10204,김정은,북한 김정은,김정은 인스타
10205,책,책 추천,네이버 서점
10206,이야기,얘기,
10207,와우,와우 클래식,월드오브워크래프트
10208,교황,프란치스코 교황,교황님
10209,프란치스코,프란치스코 교황,프란치스코 성인
10210,가톨릭,가톨릭대학교,천주교
10211,신,하늘의 신,신 한자
10212,엘리,이성인,엘리가 간다 엘리
10213,베이트,베이트릴,영화 베이트
10214,콘셉트카,컨셉카,제네시스 전기차
10215,전당대회,,
10216,의결,의결 뜻,심의
10217,잠정,잠정중단,잠정보류
10218,소득,소득 뜻,수입
10219,순례,순례길,순례자
10220,신부,카톨릭 신부,신부님
10221,산티아고,산티아고 순례길,스페인 산티아고
10222,식수,식수인원,
10223,도청,영화 도청,도청장치
10224,경남,보타닉뮤지엄,진해
10225,싸움,,
10226,찬성,황찬성,2pm 찬성
10227,지역구,,
10228,청산,청산하다,청산 뜻
10229,과거,과거제도,당신의 과거를 지워드립니다
10230,론,이사강,이사강 론
10231,자치,자취,자차
10232,분권,책 분권,
10233,포인트,포인트 개,point
10234,리얼미터,리얼미터 조작,리얼미터 여론조사
10235,위로,위로되는 책,위로 영어로
10236,취향,광주 취향,성향
10237,스타벅스,스타벅스 텀블러,스타벅스 메뉴
10238,홍상수,김민희,홍상수 김민희
10239,참석,참여,참가
10240,소방관,소방,소방공무원
10241,대표,사장,대표이사
10242,대의제,,
10243,정치,정치뉴스,정치란
10244,회고록,,
10245,평화,피스,peace
10246,상근,군대 상근 뜻,상근 조건
10247,속죄,속량,속죄하다
10248,변인,변신,독립변인
10249,넥슨,달빛조각사 출시일,넷마블
10250,재단,재단하다,제단하다
10251,김정주,넥슨 김정주,김택진
10252,개성,개경,개성 위치
10253,재개,통행재개,재개 뜻
10254,과속,과속카메라,과속단속
10255,창극,변강쇠 점 찍고 옹녀,국극
10256,국립창극단,조유아,국립창극단 조유아
10257,시리즈,네이버 시리즈,시리즈온
10258,투자,투자의 기초,삼부연 5주강의신청
10259,경찰,경찰시험,경찰청
10260,수신료,tv수신료,
10261,징수,징구,징수 뜻
10262,묵상,묵상 뜻,말씀묵상
10263,잠언,잠언 1장,잠언 16장 9절
10264,구절,인상깊은 구절,영어 구 절
10265,도,각도,지도
10266,제주도,제주만장굴,제주청초밭
10267,코트,코트 나무위키,남자 코트
10268,자금,기금,조달
10269,원,원 소속사,정제원
10270,중소기업,중소기업이란,중소기업 조건
10271,축제,9월 축제,2019년 9월 축제
10272,치맥,치킨 맥주,치킨
10273,약령시,대구 약령시,약령시건너
10274,넥스트,넥스트 영화,제시카 비엘
10275,비서,로펌비서,비서 연봉
10276,인텔리전트,인텔리전트 스캔,인텔리전트 기능
10277,동포,동포여부,교포
10278,체제,체제 체재,체제 체계
10279,결론,본론,서론
10280,대선,대선소주,총선
10281,감미료,인공감미료,천연감미료
10282,설탕,설탕 화학식,자일로스 설탕
10283,보고서,보고서 양식,보고서 작성법
10284,우당,우당 이회영,해일로
10285,이종찬,이종걸,이종찬 이종걸
10286,보수,진보,보수 필라테스
10287,촛불집회,조국 촛불집회,광화문 촛불집회
10288,운동,운동 종류,운동 영어로
10289,임시정부,밀양 임시정부,대한민국 임시정부
10290,비용,푸켓여행일정,푸켓자유여행일정
10291,통일,길목에서면 길이보인다,남북통일
10292,동독,서독,동독 서독
10293,데이터,데이터란,공공api
10294,실,바느질 실,실 웹툰
10295,비대,비데,비대추천
10296,김병준,,
10297,고양,고양시,고양하다
10298,안면도,서해안가볼만한곳,태안자연휴양림
10299,소나무,체리블렛,소나무 한정식
10300,충남도,,
10301,철길,철길사고,군산 경암동 철길마을
10302,황,말짱 황,인
10303,작가,작가되는법,작가가 되고 싶다면
10304,최,,
10305,작업,,
10306,백,가방,백씨
10307,신진서,박정환,신민준
10308,탕웨이싱,삼성화재배,삼성화재배 월드바둑마스터스
10309,갑골문,갑골문자,
10310,옹,옹씨,옹성우
10311,박원규,박완규,
10312,시체,,
10313,비평가,평론가,
10314,나뭇가지,나뭇가지 인테리어,나뭇가지 나무가지
10315,작,,
10316,텍스트,text,텍스트뜻
10317,당선,선출,
10318,병원,내과,추석 병원
10319,의료,의학,의료전달체계
10320,의학,의료,
10321,정신질환,조현병증상,조현병치료
10322,중증,경증,중증도
10323,케어,케어뜻,케어 박소연
10324,고압,고압전류,저압
10325,산소,성묘,산소음식
10326,치료,치유,치료 영어로
10327,웰다잉,웰 다잉을 위한 죽음의 이해,well dying
10328,마무리,,
10329,통일한국,남북통일,
10330,한학자,문선명,한학
10331,총재,,
10332,금연,금연포스터,금연지원금
10333,흡연,담배 잇몸,치주질환
10334,질환,노환,난치성질환
10335,포유류,포유류 뜻,파충류
10336,포유동물,mammal,
10337,도감,세밀화,동물도감
10338,소금,소금 악기,가수 소금
10339,호텔,마카오자유여행,베트남호텔
10340,암벽,암벽등반,
10341,화재,김포 화재,파주 화재
10342,점포,점포임대,
10343,소방,소방관,소방공무원 준비
10344,연합,동맹,연합뉴스
10345,도회,도회적,
10346,품격,품위,기품
10347,인간관계,인간관계 명언,대인관계
10348,사람,인간,인간이란 무엇인가
10349,빈,빈 아동복,빈 여행
10350,닉,주토피아 닉,닉 주디
10351,음악회,서울 음악회,연주회
10352,퀸,보헤미안 랩소디,프레디 머큐리
10353,보헤미안,보헤미안 스타일,보헤미안 뜻
10354,프레디,프레디 피자가게,프레디 팔찌
10355,법정관리,법정관리란,법정관리기업회생
10356,인수,인계,인수인계
10357,효린,효린 학교폭력,소유
10358,무대,무대디자인,
10359,연기대상,연예대상,2019 연기대상
10360,쌍용차,g4렉스턴스포츠롱바디,쌍용
10361,공장,공작,공장취업
10362,수출,일본 수출,수출규제
10363,날씨,태풍,서울날씨
10364,웨더,웨더날씨,카페웨더
10365,특보,기상특보,호우특보
10366,동대문구,동대문구 동,동대문
10367,오펜바흐,ofenbach,
10368,오페레타,,
10369,노래,노래검색,듣기 좋은 노래
10370,심하은,이천수 부인,이천수
10371,아버지,인생조언,아버지 노래
10372,이천수,이천수 부인,박지성
10373,서울시,서울 나무위키,서울시 산하기관
10374,음악감독,드라마 음악감독,영화음악감독
10375,향,향초,스틱향
10376,송명빈,마커그룹,
10377,씨,si,씨 호칭
10378,폭행,폭행죄,여성 폭행
10379,돼지,아기돼지,중국 돼지
10380,식용,,
10381,꿈,꾼,꿈이란
10382,연포,태안 연포해수욕장,연포탕
10383,김동이,조림학,김동이 조림학
10384,맞이,맏이,추석맞이
10385,떡국,떡국 끓이는법,백종원 소고기 떡국 끓이는법
10386,일출,일몰,정동진 해변
10387,잠수함,제주 서귀포잠수함,제주도 서귀포 잠수함
10388,지음,,
10389,르노,르노삼성,르노삼성자동차
10390,지엠,지엠 파업,한국지엠 파업
10391,신차,2019 신차,신차패키지
10392,브리지스톤,브리지스톤 골프,브리지스톤 타이어
10393,페이스,강남 페이스 클럽,클럽 페이스 써노
10394,코리아,영화 코리아,코리아닷컴 메일
10395,장애인,장애인 정의,장애우
10396,관내,관외,
10397,사업,사업 종류,창업
10398,마고,마고신,마고진
10399,사자성어,사자성어 모음,뜻 좋은 사자성어
10400,소양,소의 양,양 부위
10401,신형,신형차,
10402,현대차,릴렉션컴포트,현대수소차가격
10403,출시,,
10404,백차,백차 카페인,白茶
10405,라드,라드유,쇼트닝
10406,아몬드,아몬드열매,캐슈넛
10407,차장,부장,과장
10408,스포츠조선,스포츠서울,스포츠경향
10409,한라일보,제민일보,제주일보
10410,이영애,이영애 나이,이영애 남편
10411,산천어,열목어,산천어 낚시
10412,강원도,강원도 가볼만한곳,강원도 지도
10413,부근,인근,부군
10414,스키장,스키장 개장,스키장 시즌권
10415,프리미어,프리미어 프로,어도비 프리미어
10416,가격,가격하다,금액
10417,한국,일본,한국 축구
10418,가드레일,라운드레일,20대
10419,승합차,승합차캠핑카,차캠핑
10420,옥상,데크,옥상 데크
10421,방탄소년단,방탄,방탄소년단 뷔
10422,소망,will,희망
10423,멤버,멤버 맴버,
10424,사우디아라비아,사우디아라비아 시간,사우디아라비아 여행
10425,대표팀,축구대표팀,대표팀 명단
10426,축구,한국 국가대표 축구 일정,축구 국가대표
10427,슈,슈 이혼,유진
10428,도박,도박 이혼,도박 종류
10429,상습,,
10430,객,객열매,영화 객
10431,시민,시민과 대중의 차이,국민
10432,시위,광화문 시위,서울 시위
10433,일제,일베,일제강점기 해방
10434,엽서,엽서제작,사진엽서제작
10435,편지,편지 노래,편지 가사
10436,혼불문학관,남원 서도역,최명희문학관
10437,쉐보레,쉐보레 트래버스,쉐보레 콜로라도
10438,고객,손님,고객 영어로
10439,카운트다운,카운트다운 쇼크웨이브,카운트다운 영화
10440,브릴리언트,브릴리언트 티셔츠,브릴리언트 뜻
10441,새해,새해 합성어,새해 복 많이 받으세요
10442,이천,이천시티투어,이천 가볼만한곳
10443,햅쌀,2019 햅쌀,2019년 햅쌀
10444,라떼,라떼 뜻,까페라떼
10445,박씨,밀양박씨,박씨 본관
10446,흉기,,
10447,아이,아이 내마지막사랑,영화 아이
10448,육아,양육,육아카페
10449,훈육,아기 고집,학급긍정훈육법
10450,정통부,,
10451,연구자,연구원,연구
10452,술,술 건강,술 나무위키
10453,이규보,동국이상국집,여주이씨
10454,꽃,꽃다발,꽃집
10455,교향악단,,
10456,시립,공립,
10457,대구,대구날씨,대구 가볼만한곳
10458,문안,문안인사,문안하다
10459,외벽,,
10460,새김,새김팔찌,
10461,제부도,제부도해수욕장,대부도여행코스
10462,화성시,화성,화성시 인구
10463,제비,까치,제비 먹이
10464,용산기지,용산 미군기지,미군기지 반환
10465,버스,버스노선검색,버스도착정보
10466,용산,용산역,용산 아이파크몰
10467,기온,서울 기온,온도
10468,패드,10인치,게임패드
10469,피부,피부의 구조,배우 피 부
10470,각질,각질제거,얼굴 각질
10471,충전,충전하다,충전 영어로
10472,소,소 수명,소 먹이
10473,상암,상암동,상암 맛집
10474,행차,행차하다,
10475,자율,자율적,자유
10476,전기차,2019 전기차 보조금,테슬라
10477,신년사,,
10478,쇼,루크 쇼,김원준 쇼
10479,해운대해수욕장,부산 해운대,해운대 해수욕장 폐장
10480,광안대교,부산 광안대교,광안대교교통상황
10481,통증,통증 거미,영화 통증
10482,진통제,진통제 종류,타이레놀
10483,지진,해외지진,필리핀 지진
10484,해역,,
10485,영덕군,영덕,영덕 질식
10486,목,목 기도,목 연골
10487,디스크,좌골신경통마사지,허리디스크예방
10488,자세,태도,자세 영어로
10489,횡단보도,신호등,횡단보도 영어로
10490,중앙,중앙일보,중앙대
10491,사거리,네거리,사거리 영어로
10492,전립선,전립선암,절립선암
10493,전립선비대증,전립선수치,전립선정상크기
10494,소변,오줌 성분,오줌의 성분
10495,연습생,연습생 갤러리,
10496,기획사,기획사 오디션,연예기획사
10497,계약서,계약서 양식,계약서 영어로
10498,베를린,영화 베를린,베를린 영화
10499,플루트,풀룻,플룻
10500,필,반드시 필,가수 필
10501,인천,인천날씨,인천 태풍
10502,여객,,
10503,항만,항만공사,부두
10504,모델,남자 모델,여자모델
10505,뉴,new,
10506,트레일,trail,트레일러닝
10507,암,암 증상,암이란
10508,항암,항암치료,항암제부작용
10509,환자,환자 영어로,patient
10510,부산,부산 가볼만한곳,부산날씨
10511,해안,혜안,해안건축 채용
10512,산불,파주 산불,김포 산불
10513,울산,울산 가볼만한곳,울산날씨
10514,소녀,나 항상 그대 곁에 머물겠어요,이문세 소녀
10515,할아버지,할아버지의 아버지,외조부모
10516,바퀴,미국바퀴벌레,바퀴벌레뜻
10517,권기선,,
10518,사과,아보카도오픈샌드위치,간식
10519,오전,오후,오전 오후
10520,전라,,
10521,클래스,class 101,클래스101 아이패드
10522,세단,세단 뜻,폭스바겐 아테온 시승기
10523,강진,강진 가볼만한곳,강진군
10524,길,개리,길성준
10525,북간도,윤동주 묘,간도지역
10526,역사,역사란,역사의 의미
10527,하나님,하나님 뜻,예수님
10528,검룡소,태백 검룡소,한강 발원지
10529,녘,통영 녘,녘으로 시작하는 단어
10530,베케트,,
10531,항설백물어,,
10532,단눈치오,,
10533,절물,절물자연휴양림,제주도 절물휴양림
10534,자연휴양림,휴양림,안면도휴양림
10535,단속,음주단속,
10536,정동진,강원도 정동진,강릉 정동진
10537,독도,독도여행,독도 지도
10538,쯤,즈음,쯤 즈음
10539,제천,청풍,청풍호반케이블카
10540,이정선,,
10541,유지연,범죄도시,월드미스유니버시티 유지연
10542,음악,음악검색,뮤직
10543,소설,소설 베스트셀러 순위,소설 추천
10544,선생님,교사,선생님 하는일
10545,응원,격려,응원문구
10546,조은태,,
10547,유,유튜브,강릉 유씨
10548,전생,전생알아보기,전생체험
10549,상자,트위치상자,bj상자
10550,프린트,프린트 할 수 있는 곳,프린터
10551,노혜진,,
10552,넌,,
10553,너,이녁,
10554,엄마,아빠,어머니
10555,시,시 추천,유명한 시
10556,심사,심의,심사가 뒤틀리다
10557,작품,작품 영어로,미술작품
10558,수술,수술 암술,수술 영어로
10559,비만,비만도계산기,비만 증상
10560,보험,교통사고보험합의,무해지환급형
10561,주년,주년 주기,1주년
10562,내륙,,
10563,띠,띠 순서,띠 계산
10564,최초,,
10565,이만기,최수종,허재
10566,숙희,영화 숙희,채민서
10567,아내,부인,아내 뜻
10568,능청,능글,능청스럽다
10569,영어,초등학교영어방과후,조동사
10570,줄기세포,줄기세포치료,줄기세포화장품
10571,화장품,남자선물,중국인난투극
10572,배양,배양하다,능력 배양
10573,동심,동심누리,동심연구소
10574,시적,,
10575,동시,초등학교 동시,어린이 동시
10576,미술,미술학원,미술심리상담사
10577,비평,논평,비판
10578,이론,이론적,이론수업
10579,지혜,지식,명철
10580,광고,광고란,공익광고
10581,그룹,cherub,그룹날개
10582,매혹,유혹,매혹적인
10583,글,구글,
10584,철학,철학적,philosophy
10585,화법,스피치,영어 화법
10586,주신,자임당 주신,저우쉰
10587,망각,망각 뜻,망상
10588,문장,어휘 뜻,낱말
10589,사유,사유 카페,사유 뜻
10590,평양,평양 태풍,평양 위치
10591,축하,good job,칭찬
10592,김일성,김정일,김정은
10593,농장,농원,목장
10594,감귤,밀감,귤
10595,경차,소형차,모닝
10596,판매,,
10597,비중,밀도,비중 단위
10598,교회,첨탑,교회 첨탑
10599,성령님,,
10600,저희,저의,저희나라
10601,권,권씨,권으로 시작하는 단어
10602,김,김무침 만드는 법,김 한자
10603,휴일,휴무,2019 휴일
10604,연휴,추석연휴,명절
10605,공휴일,공휴일 토요일,공휴일 뜻
10606,자립,독립,자활
10607,솔트,영화 솔트,대전 솔트
10608,연탄,연탄가격,연탄이
10609,은행,atm,은행 효과
10610,출애굽,모세 출애굽,모세의 기적
10611,요셉,야곱,하은요셉
10612,출발,도착,출발 영어로
10613,트렌드,유행,2019 fw 패션 트렌드
10614,복고,복고풍,복고컨셉
10615,야소교,,
10616,피,피가 만들어지는곳,혈액
10617,시몬,시몬 영화,레이첼 로버츠
10618,스,,
10619,침대,집풍수지리,소파
10620,연주,연주공정,연주 현씨
10621,테츨라프,크리스티안 테츨라프,
10622,바이올린,바이올린초보,스트라디바리
10623,기선,최저 조위선,기선제압
10624,포스터,동아리홍보포스터,동아리포스터
10625,강현,개그맨 강현,
10626,롯데,롯데자이언츠,롯데 일본
10627,문화재단,문화재단 채용,서울문화재단
10628,김선,,
10629,패션쇼,패션쇼 영화,영화 패션쇼
10630,패션,2019 패션 트렌드,공항패션
10631,만두전골,만두전골 맛집,만두전골 레시피
10632,만두,만두집,만두가게
10633,버섯,버섯종류,송이버섯
10634,남미,남미 국가,남미여행
10635,여행,사이판괌비교,인천공항주차장
10636,해리,혜리,nautical mile
10637,가게,야키토리,상점
10638,가우디,안토니오 가우디,사그라다 파밀리아 성당
10639,흑,흙,쓱
10640,실리,명분,실질
10641,팝,팝 장르,팝 음악
10642,홍백가합전,,
10643,총괄,총괄 관리,총괄하다
10644,건축가,건축사,유명한 건축가
10645,공간,장소,공간건축
10646,기아차,기아sp,김수억
10647,현대,현대자동차,기아
10648,마루,한옥 마루,maru
10649,정오,자정,정오 뜻
10650,성동,창원 성동,
10651,임원,임직원,강원도 임원
10652,해장국,해장국 맛집,해장국집
10653,해장,해장음식,해장국
10654,콩나물,콩나물의 효능,콩나물 칼로리
10655,뮤,뮤오리진,뮤오리진2
10656,마리오,마리오아울렛,마리오 나무위키
10657,이윤,이익,
10658,쓰레기봉투,대전쓰레기봉투가격,종량제봉투
10659,종량제,종량제봉투,쓰레기 종량제
10660,레몬,레몬 노래,레몬 가사
10661,분말,가루,
10662,추출,추출하다,
10663,문화재,문화유산,문화재재단
10664,재청,재청하다,제청
10665,등록,토지등록,regist
10666,목표,목적,목표 뜻
10667,미술관,미술관 술집,전시회
10668,관장,관장약,관장하는법
10669,목동,양천구 목동,목동아파트
10670,나눔,배려,나누다
10671,강서구,서울 강서구,강서
10672,터,,
10673,대가,담양 대가,목동역 대가
10674,진단,diagnosis,진료
10675,키트,키트 자동차,전격 z 작전
10676,검사,판사,검사 나무위키
10677,항,항구,
10678,노니,노니효능효과,혈관건강
10679,주스,주스 쥬스,juice
10680,트리,크리스마스 트리,벽트리
10681,남북,남북관계,북미
10682,교류,직류,교류 직류
10683,눈가,,
10684,플랑크톤,적조,스폰지밥 플랑크톤
10685,비오템,비오템옴므아쿠아파워,비오템남자스킨로션
10686,해외,외국,국외
10687,증가,증대,증감
10688,사형,사형 구형,사형제도
10689,집행,집행 뜻,자금집행
10690,옴진리교,오움진리교,오옴진리교
10691,영제,영재,
10692,시내버스,서울시내버스조합,서울시내버스운송조합
10693,준공,착공,완공
10694,총,총 발명,총의 역사
10695,썰매,썰매 영어로,얼음썰매
10696,양재천,양재천 산책로,양재천 카페거리
10697,교,교 한자,
10698,수영장,실내수영장,수영
10699,지하,b1,ziha
10700,동작구,용봉정,관악구
10701,엑서터,,
10702,숙면,수면,숙면하는법
10703,모두투어,항공권,모두투어땡처리상품
10704,하나투어,모두투어,노랑풍선
10705,해외여행,4월말해외여행,추천해외여행
10706,동월,,
10707,대비,대조,대비 대조
10708,그랜저,소나타,k7
10709,하이브리드,하이브리드 자동차,하이브리드 suv
10710,작년,장년,금년
10711,시장,근처시장,재래시장
10712,가짜,거짓,진짜
10713,뉴스룸,jtbc 뉴스룸,미드 뉴스룸
10714,뉴스,네이버뉴스,뉴스속보
10715,합창단,어린이합창단,합창
10716,소년,소녀,소년소녀
10717,바이오,제약바이오,bio
10718,시선,시선 악보,시선인터내셔널
10719,머티,,
10720,조창,조창나다,
10721,연초,연초담배,연초 전자담배
10722,관측,관찰,
10723,기상청,날씨,태풍
10724,예술,art,예술이란
10725,지원,지원이,트로트가수 지원이
10726,문화,문화란,culture
10727,이어폰,가성비블루투스이어폰,이헤갤
10728,블루투스,인이어이어폰,가성비좋은이어폰
10729,착용,착장,패용
10730,동기,계기,동기부여
10731,유한,유한회사란,유한회사 설립
10732,유한양행,유한양행 채용,한미약품
10733,판매량,,
10734,싼타페,나파가죽,싼타페tm인스퍼레이션가솔린
10735,이정희,이석기,이정희 근황
10736,파북,태풍 1호,1호 태풍
10737,태풍,날씨,13호 태풍 링링
10738,기압,현재 기압,저기압
10739,보령제약,보령제약 연봉,보령메디앙스
10740,안재현,구혜선,안재현 오연서
10741,창경궁로,,
10742,단종,문종,세조
10743,대수,왕의 대수,대수라고
10744,서비스,서비스 뜻,서비스란
10745,정수기,침대렌탈,정수기발암물질
10746,렌털,렌탈,
10747,난유,난유백세,계란기름
10748,고혈압,고혈압 증상,햇살고운한의원 고혈압
10749,가열,,
10750,동아,donga.com,동아문구
10751,봉사활동,자원봉사,봉사 사이트
10752,년,,
10753,실적,성과,
10754,척추,척추이름,경추
10755,관절,광동 관절통치 호락 가격,joint
10756,한미,한미동맹,한미약품
10757,약품,화학약품,약품검색
10758,강국,간국,
10759,수분,수분크림,
10760,브이,영화 브이,미드 브이
10761,동국대,건국대,경희대
10762,교수,대학교수,교수가 되려면
10763,논문,국회도서관논문,학술정보원
10764,액토즈,액토즈소프트,
10765,게임,와우 클래식,리니지2m
10766,아레나,아레나 수영복,아레나 클럽
10767,검진,진료,
10768,건강검진,건강검진결과통보서,자궁암검진
10769,공연,뮤지컬,전시
10770,그립스,,
10771,호선,,
10772,곤봉,경찰 곤봉,
10773,뽕나무,뽕잎,뽕나무효능
10774,라바,라바 뜻,라바 캐릭터
10775,눈썰매장,강원도 눈썰매장,썰매장
10776,랜드,월드,에버
10777,치수,치수변환,치수괴사
10778,사이즈,사이즈 변환,사이즈표
10779,측정,책정,계측
10780,카지노,,
10781,강원랜드,강원랜드 입장료,강원랜드 호텔
10782,하이,로우,일본어 하이
10783,치매,치매증상,알츠하이머
10784,한화,한화이글스,한화야구
10785,간병,간병인,병간호
10786,스파크,모닝,레이
10787,흑두루미,흑우없제,흑두루미 뜻
10788,대대,대대병력,소대
10789,순천만,순천만 갈대축제,순천만 국가정원
10790,고기압,저기압,기압
10791,초미세먼지,미세먼지,미세먼지피해
10792,미세먼지,미세먼지수치,전주시노후경유차
10793,체외,,
10794,의료기기,국회본회의,의료기기워커
10795,타히티,타히티섬,타히티 여행
10796,여행객,여행자,
10797,관광,관광 영어로,관광이란
10798,범,호랑이 범,범 한자
10799,갤러리,갤러리뜻,그림대여
10800,풍경,풍경 영어로,풍경사진
10801,윤창,윤찬,
10802,호법,호법쿠팡,쿠팡 야간 알바
10803,세원,아이에이,세원버스
10804,이승희,한계이승희,이승희 아나운서
10805,총회,예장합동,예장총회
10806,누드,,
10807,창림,,
10808,낭트,프랑스 낭트,nantes
10809,익선동,익선동 맛집,익선동 한옥마을
10810,선,면,점의 정의
10811,반려견,반려견 종류,목줄
10812,반려,반려 뜻,반려동물
10813,수가,슈가,수기
10814,로마,이탈리아,그리스
10815,이탈리아,프랑스,독일
10816,서유럽,동유럽,북유럽
10817,닛산,닛산 철수,닛산자동차
10818,엑스,엑스 술,axe
10819,선등,,
10820,화천군,화천,화천군수
10821,인근,부근,인접
10822,태곤,김태곤,
10823,승용차,승합차,승용차 추천
10824,이홍,이석,이홍기
10825,박성,,
10826,어깨,어깨 석회성건염,어깨 신경
10827,파열,인대파열,파손
10828,회전,회전근개,회전 영어
10829,면세점,왕홍,부산인터넷면세점
10830,신라,백제,고구려
10831,김포공항,제주공항,인천공항
10832,컨테이너,컨테이너콘테이너,수출컨테이너
10833,부두,항구,부둣가
10834,배후,,
10835,하이원리조트,하이원리조트 마운틴콘도,하이원 워터파크
10836,붕어빵,붕어빵 만들기,붕어빵 프로그램
10837,카이로,카이로 여행,이집트 카이로
10838,로템,현대로템,
10839,국립국악원,국립국악원 추석,국악박물관
10840,이영,조선 이영,이영세자
10841,정악,,
10842,상병,상등병,상병 진급
10843,현금,현찰,현금 영어로
10844,만취,옥포 만취,서면 만취
10845,이재순,채동욱,
10846,아동문학,,
10847,노,브라,sh
10848,테러,테라,테러 사건
10849,외국인,외국인 노동자,외국인 영어로
10850,전남,전북,전남 가볼만한곳
10851,가이드북,여행 가이드북,투어팁스 가이드북
10852,일산화탄소,이산화탄소,일산화탄소 중독
10853,히터,전기히터,온풍기
10854,렉스,토이스토리 렉스,렉스퍼
10855,진화,함소원,중국 진화 재산
10856,송천,,
10857,은혜,헤세드,은혜 뜻
10858,본부,본부대로,
10859,감,귤,감 영어로
10860,후백제,후고구려,고려
10861,견훤,궁예,견훤왕릉
10862,공모전,글쓰기공모전,캐릭터공모전
10863,채식,채식주의자,채식식단
10864,이코노미스트,economist,the economist
10865,비건,비건 뜻,스티븐 비건
10866,고구마,백종원야채튀김,고구마저장
10867,자색,비색,자주색
10868,간식,간식추천,간식만들기
10869,후보,,
10870,마네,사디오 마네,모네
10871,선수,선수 선미,선수 영어로
10872,품종,강아지 품종,
10873,감류,,
10874,강원,강원도,강원fc
10875,평지,,
10876,산양,염소,산양 절벽
10877,드라마,좋아하면 울리는,저스티스
10878,유아식,한그릇유아식,유아식오징어
10879,실라,신라,
10880,키스,키스잘하는법,키스하는 연인
10881,타종행사,,
10882,인증,인정,인증하다
10883,대학평가,중앙일보 대학평가,세계대학평가
10884,인천대,인천대 수시등급,인하대
10885,부회장,회장,
10886,주재,주제,회의 주재
10887,탄수화물,탄수화물 음식,탄수화물이란
10888,다이어트,에이미다이어트제품,안녕하세요다이어트언니
10889,체중,표준체중계산기,체중감량
10890,이화,배꽃,이화꽃
10891,김통,성신여대 김통,김보관용기
10892,학교법인,,
10893,할인,추석 할인,할인율 계산기
10894,뮤지컬,연극,뮤지컬 벤허
10895,형제섬,제주도 형제섬,제주 형제섬
10896,어쩌면,어쩌면 영어로,
10897,타이어,자동차스페어타이어,타이어여름
10898,트랜스,트랜스 뜻,트랜스포머
10899,포밍,포밍현상,프라이밍
10900,충남,충북,충청남도 여행
10901,교육감,교육감 임기,교육장
10902,부모,부,부모 영어
10903,주원장,홍무제,의천도룡기 주원장
10904,회사,코퍼레이션,기업
10905,지하철,지하철노선도,7호선
10906,윤지성,윤지성 입대,윤지성 유엔빌리지
10907,그날,그날 노래,그날 그 날
10908,정벌,토벌,
10909,대마도,대마도 한국인 출입금지,대마도 위치
10910,토벌,회유,정벌
10911,갑상선암,갑상선암 증상,갑상선암 완치율
10912,갑상선,갑산성,갑상선증상
10913,쌀,쌀 20kg,쌀 10kg
10914,가래떡,떡볶이떡,가래떡 떡볶이
10915,부회,,
10916,시크릿,시크릿 영화,시크릿뜻
10917,라벨,label,라벨스티커
10918,상품,제품,상품 제품
10919,코스,쿠어,자라
10920,송도,부산 송도,송도국제도시
10921,케이,bj케이,bj케이 사건
10922,카,카1,카2
10923,차사기,,
10924,아모레퍼시픽,아모레퍼시픽몰,아모레퍼시픽 본사
10925,격차,편차,
10926,멀티,멀티플레이,멀티플레이어
10927,수산,밀양 수산,수산물
10928,해양,,
10929,정보,인포메이션 뜻,자료
10930,할머니,할머니 영어로,보령 할머니
10931,사돈,사돈어른,사돈명절선물
10932,헤드셋,핸드폰헤드셋,헤드셋헤드폰
10933,시금치,시금치 가격,시금치 철
10934,버터,버터샵,버터 마가린 차이
10935,달걀,계란,달걀 칼로리
10936,엘리베이터,승강기,주택 엘리베이터
10937,층,cmd,floor
10938,고층,고층객실 영어로,
10939,카드놀이,카드게임,카드놀이 다운로드
10940,감정,감성,감정 종류
10941,임상시험,임상실험,임상시험 알바
10942,국가,나라,국가란
10943,진료,진찰,검진
10944,국가채무,국가채무비율,국가부채
10945,발행,발급,간행
10946,경쟁우위,,
10947,업무,직무,근무
10948,창,kbs 창,시사 창
10949,똘똘이,쫑알쫑알 똘똘이,똘똘이 엄마놀이
10950,원숭이,원숭이 먹이,원숭이띠
10951,몽이,윤균상 몽이,쿵이
10952,진설,설화수 진설크림,진솔
10953,설화수,설화수 자음2종 기초세트,설화수 방판
10954,중고차,중고자동차사이트,중고차카페
10955,직영,직영점,직영 뜻
10956,하정우,하정우 나이,하정우 여자친구
10957,마세라티,외제차브랜드,마세라티기블리
10958,전시장,진열장,
10959,황금돼지,황금돼지식당,황금돼
10960,라피,라피 가디건,드림썸머
10961,퍼포먼스,포퍼먼스,퍼포먼스 미술
10962,제임스,다니엘 제임스,맨유 제임스
10963,레이커스,la레이커스,커즌스
10964,부상,부산,부상하다
10965,김장,김장김치,김장 성우
10966,조울증,조현증,조울증연예인
10967,조증,조울증,조증 조울증
10968,기분,감정,기분 종류
10969,동강,영월 동강,동강래프팅
10970,영월군,영월,영월시
10971,영월,강원도 영월,가족과 함께 떠나는 영월여행
10972,효성,효성첨단소재,효성 채용
10973,소리,음파,가수 소리
10974,뇌전증,간질,뇌전증간질
10975,난치,난치병,
10976,뇌,교뇌,뇌종양 증상
10977,전동차,노인전동차,아기 자동차
10978,낙엽,단풍,낙엽 영어로
10979,배달,배달배송,야식
10980,랭,슐,
10981,외출,정서윤,태풍 외출
10982,감기,영화 감기,독감
10983,선우,결혼정보회사 선우,커플넷
10984,산림,산림기사,살림
10985,임업,임업후계자,산지촌
10986,숲,국민의 숲,평창 트레킹
10987,당질,당질제한다이어트,식이섬유 탄수화물
10988,건국강령,,
10989,강릉역,강릉역 ktx,강릉역 가볼만한곳
10990,강릉,강릉 가볼만한곳,강릉날씨
10991,동아리,대학교 동아리,동아리 영어로
10992,목욕탕,사우나,찜질방
10993,김소혜,김소혜 몸매,김소혜 올티
10994,조정,조정경기,조정 배우기
10995,앰플,셀로니아,앰플추천
10996,보랏빛,,
10997,퍼스트,영화 퍼스트,first
10998,가맹,가맹점,
10999,분쟁,논쟁,
